{
  "1": [
    [
      220.5174081237911,
      396.4874338411962
    ],
    [
      412.70309477756285,
      365.1528110172117
    ],
    [
      362.56769825918764,
      283.6827916748519
    ],
    [
      205.894584139265,
      312.92843964390414
    ],
    [
      222.60638297872342,
      392.3094841313316
    ]
  ],
  "2": [
    [
      195.44970986460348,
      1044.0696388702097
    ],
    [
      947.4806576402322,
      1037.8027143054128
    ],
    [
      556.8423597678917,
      563.6054222357803
    ],
    [
      182.9158607350097,
      647.1644164330725
    ],
    [
      199.62765957446808,
      1044.0696388702097
    ]
  ],
  "3": [
    [
      1588.7959381044489,
      910.3752481545424
    ],
    [
      1887.519342359768,
      611.6518438992233
    ],
    [
      1302.6063829787236,
      262.7930431255289
    ],
    [
      997.6160541586074,
      496.7582268779467
    ],
    [
      1584.6179883945842,
      912.4642230094747
    ]
  ],
  "4": [
    [
      448.215667311412,
      367.24178587214396
    ],
    [
      632.0454545454546,
      312.92843964390414
    ],
    [
      527.5967117988395,
      258.6150934156643
    ],
    [
      387.6353965183753,
      296.2166408044457
    ],
    [
      452.3936170212766,
      363.0638361622794
    ]
  ]
}