{
  "1": [
    [
      603.8007736943907,
      520.5725380991598
    ],
    [
      598.2301740812379,
      469.04449167749635
    ],
    [
      531.3829787234042,
      471.82979148407276
    ],
    [
      536.953578336557,
      513.6092885827188
    ],
    [
      602.4081237911025,
      519.1798881958716
    ]
  ],
  "2": [
    [
      736.1025145067698,
      359.0251493177285
    ],
    [
      681.7891682785299,
      361.8104491243049
    ],
    [
      704.0715667311412,
      439.79884370844417
    ],
    [
      793.2011605415861,
      407.7678959328155
    ],
    [
      736.1025145067698,
      361.8104491243049
    ]
  ],
  "3": [
    [
      477.0696324951644,
      386.8781473834925
    ],
    [
      543.916827852998,
      367.38104873745766
    ],
    [
      520.2417794970986,
      443.9767934183088
    ],
    [
      475.6769825918762,
      395.2340468032217
    ]
  ]
}