{
  "1": [
    [
      68.02224371373308,
      745.3462346148906
    ],
    [
      251.85203094777563,
      722.3675112106353
    ],
    [
      103.53481624758221,
      647.1644164330725
    ],
    [
      103.53481624758221,
      647.1644164330725
    ],
    [
      9.530947775628627,
      655.5203158528017
    ],
    [
      70.11121856866538,
      751.6131591796875
    ]
  ],
  "2": [
    [
      621.6005802707931,
      902.0193487348132
    ],
    [
      859.7437137330754,
      889.4854996052195
    ],
    [
      1041.4845261121857,
      640.8974918682756
    ],
    [
      861.8326885880077,
      642.9864667232079
    ],
    [
      621.6005802707931,
      891.5744744601517
    ]
  ],
  "3": [
    [
      893.1673114119923,
      874.8626756206934
    ],
    [
      1104.1537717601548,
      860.2398516361673
    ],
    [
      1281.7166344294005,
      659.6982655626663
    ],
    [
      1060.2852998065764,
      613.7408187541556
    ],
    [
      893.1673114119923,
      872.7737007657611
    ]
  ],
  "4": [
    [
      289.4535783365571,
      726.5454609204999
    ],
    [
      444.0377176015474,
      693.1218632415831
    ],
    [
      264.38588007736945,
      617.9187684640202
    ],
    [
      145.31431334622823,
      642.9864667232079
    ],
    [
      289.4535783365571,
      728.6344357754322
    ]
  ]
}