{
  "1": [
    [
      1540.7495164410059,
      511.3810508624728
    ],
    [
      1597.151837524178,
      503.0251514427436
    ],
    [
      1845.739845261122,
      536.4487491216604
    ],
    [
      1737.1131528046421,
      553.1605479611188
    ],
    [
      1540.7495164410059,
      511.3810508624728
    ]
  ],
  "2": [
    [
      1258.7379110251452,
      542.7156736864573
    ],
    [
      1262.9158607350098,
      542.7156736864573
    ],
    [
      1340.2079303675048,
      528.0928497019312
    ],
    [
      1340.2079303675048,
      528.0928497019312
    ],
    [
      1576.262088974855,
      569.8723468005772
    ],
    [
      1440.4787234042553,
      580.3172210752388
    ],
    [
      1265.004835589942,
      542.7156736864573
    ]
  ],
  "3": [
    [
      684.2698259187621,
      849.7949773615057
    ],
    [
      805.4303675048357,
      876.9516504756257
    ],
    [
      1020.5947775628628,
      709.8336620810414
    ],
    [
      872.2775628626692,
      674.3210895471924
    ],
    [
      680.0918762088975,
      851.883952216438
    ]
  ],
  "4": [
    [
      644.5793036750483,
      672.2321146922601
    ],
    [
      640.4013539651838,
      668.0541649823955
    ],
    [
      811.6972920696326,
      645.0754415781402
    ],
    [
      552.6644100580271,
      542.7156736864573
    ],
    [
      462.8384912959381,
      601.2069696245618
    ],
    [
      632.0454545454546,
      668.0541649823955
    ]
  ]
}