{
  "1": [
    [
      646.6682785299806,
      897.8413990249486
    ],
    [
      868.0996131528046,
      885.3075498953549
    ],
    [
      1047.7514506769826,
      659.6982655626663
    ],
    [
      911.968085106383,
      645.0754415781402
    ],
    [
      652.9352030947775,
      891.5744744601517
    ]
  ],
  "2": [
    [
      930.7688588007737,
      860.2398516361673
    ],
    [
      1097.8868471953579,
      862.3288264910996
    ],
    [
      1304.6953578336559,
      651.3423661429371
    ],
    [
      1097.8868471953579,
      615.8297936090879
    ],
    [
      932.857833655706,
      860.2398516361673
    ]
  ],
  "3": [
    [
      53.39941972920697,
      736.9903351951614
    ],
    [
      262.29690522243715,
      718.1895615007707
    ],
    [
      111.89071566731141,
      640.8974918682756
    ],
    [
      7.441972920696325,
      659.6982655626663
    ],
    [
      53.39941972920697,
      734.9013603402291
    ]
  ],
  "4": [
    [
      185.004835589942,
      638.8085170133432
    ],
    [
      285.2756286266925,
      609.562869044291
    ],
    [
      464.92746615087043,
      691.0328883866508
    ],
    [
      333.3220502901354,
      720.278536355703
    ],
    [
      180.82688588007738,
      640.8974918682756
    ]
  ],
  "5": [
    [
      504.61798839458413,
      684.7659638218539
    ],
    [
      627.86750483559,
      670.1431398373278
    ],
    [
      446.1266924564797,
      605.3849193344264
    ],
    [
      364.65667311411994,
      617.9187684640202
    ],
    [
      504.61798839458413,
      682.6769889669216
    ]
  ],
  "6": [
    [
      678.0029013539652,
      670.1431398373278
    ],
    [
      790.8075435203095,
      651.3423661429371
    ],
    [
      596.5328820116055,
      594.9400450597649
    ],
    [
      521.3297872340426,
      601.2069696245618
    ],
    [
      671.7359767891683,
      672.2321146922601
    ]
  ],
  "7": [
    [
      834.6760154738878,
      653.4313409978694
    ],
    [
      947.4806576402322,
      632.5415924485463
    ],
    [
      738.583172147002,
      580.3172210752388
    ],
    [
      738.583172147002,
      580.3172210752388
    ],
    [
      663.380077369439,
      582.4061959301711
    ],
    [
      832.5870406189556,
      651.3423661429371
    ]
  ],
  "8": [
    [
      1005.9719535783366,
      630.452617593614
    ],
    [
      1089.5309477756286,
      609.562869044291
    ],
    [
      897.3452611218569,
      557.3384976709834
    ],
    [
      817.9642166344295,
      574.0502965104419
    ],
    [
      1008.0609284332689,
      624.1856930288171
    ]
  ],
  "9": [
    [
      1158.4671179883946,
      609.562869044291
    ],
    [
      1304.6953578336559,
      592.8510702048326
    ],
    [
      1058.196324951644,
      542.7156736864573
    ],
    [
      993.4381044487428,
      551.0715731061865
    ],
    [
      1160.556092843327,
      611.6518438992233
    ]
  ],
  "10": [
    [
      492.08413926499037,
      776.6808574388751
    ],
    [
      682.1808510638298,
      755.7911088895521
    ],
    [
      375.10154738878146,
      943.7988458334593
    ],
    [
      128.60251450676984,
      966.7775692377146
    ],
    [
      487.90618955512576,
      776.6808574388751
    ]
  ],
  "11": [
    [
      17.886847195357834,
      937.5319212686624
    ],
    [
      72.20019342359768,
      954.2437201081208
    ],
    [
      421.05899419729207,
      776.6808574388751
    ],
    [
      299.8984526112186,
      741.168284905026
    ],
    [
      19.975822050290137,
      933.3539715587978
    ]
  ]
}